<?xml version="1.0" encoding="UTF-8"?>
<handler-chains 
    xmlns="http://java.sun.com/xml/ns/javaee">
    <handler-chain>
        <handler>
            <handler-name>logging</handler-name>
            <handler-class>edu.javaee.ws.handlerws.CustomLoggingMsgHandler</handler-class>
        </handler>
        <handler>
            <handler-name>validator</handler-name>
            <handler-class>edu.javaee.ws.handlerws.SecretValueValidatorHandler</handler-class>
        </handler>
    </handler-chain>
</handler-chains>